values,labels,tab
0,_background_,0.863022222222222
1,manmade,89.9001777777778
2,sky,8.74035555555555
3,water,0.496444444444444
