values,labels,tab
0,_background_,14.4357333333333
1,grass,12.3776
2,manmade,21.9431111111111
3,sky,32.0132444444444
4,trees,18.7625777777778
5,water,0.467733333333333
