values,labels,tab
0,_background_,0.662541389465332
1,Grass,7.58836269378662
2,Manmade,2.14245617389679
3,Sky,64.2489433288574
4,Trees,24.4784444570541
5,Water,0.879251956939697
