values,labels,tab
0,_background_,0.614213943481445
1,Sky,56.7366272211075
2,Vegetation,32.2678238153458
3,Water,10.3813350200653
