values,labels,tab
0,_background_,0.187022222222222
1,sky,79.3567111111111
2,vegetation,20.4562666666667
