values,labels,tab
0,_background_,0.356533333333333
1,manmade,96.9567111111111
2,sky,0.883466666666667
3,trees,1.80328888888889
