values,labels,tab
0,_background_,0.8936
1,manmade,7.44488888888889
2,sky,17.8456
3,trees,73.8159111111111
