values,labels,tab
0,_background_,0.614222222222222
1,manmade,54.2623111111111
2,sky,45.1234666666667
