values,labels,tab
0,_background_,0.55382251739502
1,Manmade,0.400117039680481
2,Sky,69.4477558135986
3,Trees,29.5983046293259
