values,labels,tab
0,_background_,0.720711111111111
1,grass,45.7562666666667
2,manmade,0.617333333333333
3,sky,15.7816
4,trees,37.1240888888889
