values,labels,tab
0,_background_,0.37512481212616
1,Manmade,81.7035704851151
2,Sky,12.9440605640411
3,Trees,0.647971034049988
4,Water,4.32927310466766
