values,labels,tab
0,_background_,0.987148284912109
1,Manmade,46.5560644865036
2,Sky,7.19667077064514
3,Trees,32.2865337133408
4,Water,12.9735827445984
