values,labels,tab
0,_background_,0.318133333333333
1,manmade,85.1112
2,sky,13.1296
3,trees,1.44106666666667
