values,labels,tab
0,_background_,0.518488888888889
1,other,63.1049777777778
2,trees,36.3765333333333
