values,labels,tab
0,_background_,0.420269370079041
1,Sand,61.4432632923126
2,Sky,38.1364673376083
