values,labels,tab
0,_background_,1.03304088115692
1,Manmade,24.6398836374283
2,Other,3.43098044395447
3,Sand,42.1452403068542
4,Sky,28.7508547306061
