values,labels,tab
0,_background_,0.765333333333333
1,manmade,38.7180444444444
2,sky,0.627733333333333
3,trees,43.9981333333333
4,vegetation,10.9616888888889
5,water,4.92906666666667
