values,labels,tab
0,_background_,1.13928020000458
1,Manmade,64.2086982727051
2,Sky,27.3015201091766
3,Trees,3.42558026313782
4,Water,3.92492115497589
