values,labels,tab
0,_background_,0.2944
1,grass,6.79253333333333
2,sky,77.1874666666667
3,vegetation,15.7256
