values,labels,tab
0,_background_,0.185866666666667
1,manmade,1.19777777777778
2,sky,1.16648888888889
3,trees,97.4498666666667
