values,labels,tab
0,_background_,1.30942222222222
1,grass,10.508
2,manmade,0.799733333333333
3,sand,45.5017777777778
4,sky,31.6059555555556
5,trees,10.2751111111111
