values,labels,tab
0,_background_,0.86815357208252
1,Snow,59.2471361160278
2,Trees,39.8847103118896
