values,labels,tab
0,_background_,0.800977777777778
1,manmade,89.2267555555556
2,sky,6.26746666666667
3,trees,3.11253333333333
4,vegetation,0.592266666666667
