values,labels,tab
0,_background_,1.55377470959171
1,Manmade,54.5231432869165
2,Sky,10.0200074468574
3,Trees,17.5027859909106
4,Water,16.4002885657238
