values,labels,tab
0,_background_,1.052
1,grass,0.618044444444444
2,manmade,92.2966222222222
3,sky,6.03333333333333
