values,labels,tab
0,_background_,0.596533333333333
1,grass,0.979822222222222
2,manmade,77.9734222222222
3,sky,19.5907555555556
4,trees,0.859466666666667
