values,labels,tab
0,_background_,0.853830575942993
1,Manmade,1.83896720409393
2,Sky,1.84272229671478
3,Snow,74.4711726903915
4,Trees,20.9933072328568
