values,labels,tab
0,_background_,0.584088888888889
1,manmade,97.7639111111111
2,sky,1.652
