values,labels,tab
0,_background_,1.03066666666667
1,grass,0.733955555555556
2,manmade,41.0367111111111
3,sky,55.2198222222222
4,trees,1.97884444444444
