values,labels,tab
0,_background_,0.877155555555555
1,manmade,46.5999111111111
2,sky,28.6962666666667
3,trees,23.8266666666667
