values,labels,tab
0,_background_,0.738666666666667
1,manmade,34.1576888888889
2,sky,41.7228444444444
3,trees,23.3808
