values,labels,tab
0,_background_,0.927911111111111
1,manmade,67.7087111111111
2,sky,28.7152888888889
3,trees,2.64808888888889
