values,labels,tab
0,_background_,0.7312
1,grass,2.6936
2,manmade,80.8292444444444
3,sky,15.7459555555556
