values,labels,tab
0,_background_,0.847569108009338
1,Manmade,56.0960531234741
2,Sky,38.9595031738281
3,Trees,0.918498635292053
4,Water,3.17837595939636
