values,labels,tab
0,_background_,0.873333333333333
1,grass,11.4202666666667
2,manmade,5.01644444444444
3,sky,35.2420444444444
4,trees,44.6449777777778
5,water,2.80293333333333
