values,labels,tab
0,_background_,1.18128657341003
1,Manmade,0.243619084358215
2,Sky,26.7621695995331
3,Snow,49.3410021066666
4,Trees,22.4719226360321
