values,labels,tab
0,_background_,0.445688888888889
1,manmade,97.5623111111111
2,sky,0.510577777777778
3,trees,0.496888888888889
4,vegetation,0.984533333333333
