values,labels,tab
0,_background_,0.199822222222222
1,trees,99.8001777777778
