values,labels,tab
0,_background_,0.5784
1,grass,71.2814222222222
2,manmade,2.05182222222222
3,sky,12.1424888888889
4,trees,13.9458666666667
