values,labels,tab
0,_background_,0.700355555555556
1,grass,2.25102222222222
2,manmade,93.9339555555556
3,sky,1.18853333333333
4,trees,0.4952
5,vegetation,1.43093333333333
