values,labels,tab
0,_background_,0.228977777777778
1,manmade,64.0306666666667
2,sky,35.7403555555556
