values,labels,tab
0,_background_,0.252266666666667
1,manmade,85.3606222222222
2,sky,14.3871111111111
