values,labels,tab
0,_background_,0.663962960243225
1,Manmade,1.6236811876297
2,Sky,17.7678734064102
3,Snow,42.8889572620392
4,Trees,37.0555251836777
