values,labels,tab
0,_background_,0.491809844970703
1,Rocks,87.7299010753632
2,Sky,1.20497345924377
3,Trees,10.5733156204224
