values,labels,tab
0,_background_,0.513866666666667
1,grass,3.5304
2,manmade,65.8845333333333
3,sky,30.0712
