values,labels,tab
0,_background_,0.499123334884644
1,Manmade,55.9223830699921
2,Sky,0.536343455314636
3,Trees,18.2656824588776
4,Water,24.7764676809311
