values,labels,tab
0,_background_,0.290477275848389
1,Sky,50.8764892816544
2,Trees,48.8330334424973
