values,labels,tab
0,_background_,0.256001949310303
1,Manmade,71.0441708564758
2,Sky,26.3375401496887
3,Water,2.36228704452515
