values,labels,tab
0,_background_,1.02685987949371
1,Rocks,42.1066582202911
2,Sky,4.38738167285919
3,Vegetation,42.3349529504776
4,Water,10.1441472768784
