values,labels,tab
0,_background_,0.901333333333333
1,manmade,26.5664
2,sky,52.3656888888889
3,trees,20.1665777777778
