values,labels,tab
0,_background_,0.702700018882751
1,Manmade,24.3871062994003
2,Sky,44.7614163160324
3,Snow,18.5664772987366
4,Trees,11.5823000669479
