values,labels,tab
0,_background_,0.729760527610779
1,Sky,3.56415510177612
2,Snow,72.1001148223877
3,Trees,23.6059695482254
