values,labels,tab
0,_background_,0.653788447380066
1,Rocks,19.4543749094009
2,Sky,9.63947474956512
3,Trees,20.92045545578
4,Vegetation,49.3319064378738
