values,labels,tab
0,_background_,0.696222741655979
1,Grass,12.1669017716731
2,Manmade,2.80119981086631
3,Sky,36.0730402429156
4,Trees,2.70330499667919
5,Water,45.5593304362098
