values,labels,tab
0,_background_,1.1208
1,manmade,31.6270222222222
2,sky,6.4528
3,trees,58.1201777777778
4,water,2.6792
