values,labels,tab
0,_background_,0.750666666666667
1,trees,54.5755555555556
2,vegetation,44.6737777777778
