values,labels,tab
0,_background_,1.01528888888889
1,grass,14.4532444444444
2,manmade,0.850755555555556
3,sky,49.0924444444444
4,trees,34.5882666666667
