values,labels,tab
0,_background_,0.456711111111111
1,trees,99.5432888888889
