values,labels,tab
0,_background_,0.588533333333333
1,manmade,85.2189333333333
2,sky,5.81271111111111
3,trees,8.37982222222222
