values,labels,tab
0,_background_,0.660711111111111
1,manmade,88.9447111111111
2,sky,5.20684444444444
3,vegetation,1.44391111111111
4,water,3.74382222222222
