values,labels,tab
0,_background_,2.89724444444444
1,manmade,74.5728
2,sky,14.5275555555556
3,trees,8.0024
