values,labels,tab
0,_background_,0.774598121643066
1,Manmade,92.463755607605
2,Sky,4.50807809829712
3,Vegetation,0.0700324773788452
4,Water,2.18353569507599
