values,labels,tab
0,_background_,0.654342770576477
1,Manmade,73.5199928283691
2,Rocks,0.88040828704834
3,Sky,20.4721421003342
4,Water,4.47311401367188
