values,labels,tab
0,_background_,0.565081834793091
1,Sky,29.0945768356323
2,Snow,14.5912796258926
3,Trees,55.7490617036819
