values,labels,tab
0,_background_,0.677866666666667
1,grass,0.707288888888889
2,manmade,93.5762666666667
3,sky,4.1832
4,trees,0.855377777777778
