values,labels,tab
0,_background_,0.870576500892639
1,Manmade,65.1315122842789
2,Sky,1.2939453125
3,Trees,1.0234534740448
4,Water,31.6805124282837
