values,labels,tab
0,_background_,0.552716851234436
1,Manmade,26.6937702894211
2,Other,2.49145328998566
3,Sand,64.4162565469742
4,Sky,5.84580302238464
