values,labels,tab
0,_background_,0.685244444444444
1,grass,31.7472
2,manmade,5.85848888888889
3,sky,13.3856
4,trees,28.8478222222222
5,water,19.4756444444444
