values,labels,tab
0,_background_,0.501447916030884
1,Manmade,0.818568468093872
2,Sky,8.49216282367706
3,Snow,82.3031067848206
4,Trees,7.88471400737762
