values,labels,tab
0,_background_,0.287022222222222
1,manmade,87.6261333333333
2,sky,0.111644444444444
3,trees,6.50568888888889
4,vegetation,5.46951111111111
