values,labels,tab
0,_background_,0.364177777777778
1,manmade,0.7264
2,other,42.2810666666667
3,trees,56.6283555555556
