values,labels,tab
0,_background_,0.691133737564087
1,Sky,45.2036470174789
2,Snow,11.2739384174347
3,Trees,42.8312808275223
