values,labels,tab
0,_background_,0.574844444444444
1,manmade,78.1952
2,sky,20.2128888888889
3,trees,0.815466666666667
4,water,0.2016
