values,labels,tab
0,_background_,0.147377777777778
1,manmade,99.4928888888889
2,sky,0.359733333333333
