values,labels,tab
0,_background_,0.807822222222222
1,grass,17.7746666666667
2,manmade,2.98071111111111
3,sky,65.8731555555556
4,trees,12.5636444444444
