values,labels,tab
0,_background_,0.727555555555556
1,manmade,59.5512888888889
2,sky,1.75191111111111
3,trees,37.9692444444444
