values,labels,tab
0,_background_,0.184266666666667
1,manmade,91.5133333333333
2,sky,7.2864
3,trees,0.768711111111111
4,water,0.247288888888889
