values,labels,tab
0,_background_,0.493198654307133
1,Grass,26.8570134531116
2,Sky,65.7306779707921
3,Water,6.91910992178912
