values,labels,tab
0,_background_,0.649155555555556
1,manmade,89.2875555555556
2,sky,0.298666666666667
3,vegetation,9.76462222222222
