values,labels,tab
0,_background_,0.687792479693416
1,Grass,31.4687723057515
2,Sky,25.3545451487495
3,Water,42.4888900658055
