values,labels,tab
0,_background_,0.468418002128601
1,Manmade,1.14688575267792
2,Sky,8.42705965042114
3,Snow,83.4233969449997
4,Trees,6.53423964977264
