values,labels,tab
0,_background_,1.17704570293427
1,Grass,14.0468925237656
2,Rocks,26.2210845947266
3,Sky,22.9221612215042
4,Trees,35.6328159570694
