values,labels,tab
0,_background_,0.734133333333333
1,grass,71.9024888888889
2,manmade,0.961511111111111
3,sky,9.52737777777778
4,trees,16.8744888888889
