values,labels,tab
0,_background_,0.440904498100281
1,Manmade,84.41062271595
2,Sky,0.483989715576172
3,Trees,0.804257392883301
4,Water,13.8602256774902
