values,labels,tab
0,_background_,0.458300113677979
1,Grass,82.6474577188492
2,Rocks,6.93906545639038
3,Sky,3.45800518989563
4,Trees,6.49717152118683
