values,labels,tab
0,_background_,0.436355555555556
1,grass,17.3622222222222
2,manmade,2.19155555555556
3,sky,77.6224
4,trees,2.38746666666667
