values,labels,tab
0,_background_,1.10641121864319
1,Manmade,1.16099119186401
2,Sky,42.4626767635345
3,Snow,51.0053902864456
4,Trees,4.26453053951263
