values,labels,tab
0,_background_,0.559733333333333
1,grass,52.2737777777778
2,manmade,6.89644444444444
3,sky,23.1572444444444
4,trees,17.1128
