values,labels,tab
0,_background_,0.509777777777778
1,manmade,88.2590222222222
2,sky,9.26542222222222
3,trees,1.96577777777778
