values,labels,tab
0,_background_,0.445333333333333
1,grass,68.7171555555555
2,manmade,0.809511111111111
3,sky,4.33626666666667
4,trees,25.6917333333333
