values,labels,tab
0,_background_,1.01111111111111
1,manmade,84.28
2,trees,14.7088888888889
