values,labels,tab
0,_background_,0.299733333333333
1,trees,19.0325333333333
2,vegetation,80.6677333333333
