values,labels,tab
0,_background_,0.323572754859924
1,Manmade,0.196465849876404
2,Sky,62.8875136375427
3,Snow,6.76964819431305
4,Trees,29.8227995634079
