values,labels,tab
0,_background_,0.443822222222222
1,manmade,1.11413333333333
2,sky,4.36053333333333
3,trees,94.0815111111111
