values,labels,tab
0,_background_,0.721422222222222
1,grass,2.6288
2,manmade,90.8481777777778
3,sky,5.8016
