values,labels,tab
0,_background_,0.755724310874939
1,Manmade,54.425773024559
2,Sky,20.7931995391846
3,Trees,20.9949612617493
4,Water,3.0303418636322
