values,labels,tab
0,_background_,0.690370798110962
1,Sky,28.3103346824646
2,Snow,42.6176190376282
3,Trees,28.3816754817963
