values,labels,tab
0,_background_,0.360584259033203
1,Other,5.25132119655609
2,Sand,5.852410197258
3,Sky,78.7442564964294
4,Water,9.79142785072327
