values,labels,tab
0,_background_,1.0232
1,manmade,43.3317333333333
2,sky,51.2531555555556
3,trees,1.97146666666667
4,vegetation,2.42044444444444
