values,labels,tab
0,_background_,0.581207871437073
1,Manmade,47.3436027765274
2,Sky,51.476725935936
3,Trees,0.598463416099548
