values,labels,tab
0,_background_,0.686889886856079
1,Manmade,0.80646276473999
2,Sky,82.1115642786026
3,Snow,8.27829241752625
4,Trees,8.11679065227509
