values,labels,tab
0,_background_,0.762133333333333
1,manmade,53.6670222222222
2,sky,9.51351111111111
3,trees,36.0573333333333
