values,labels,tab
0,_background_,0.983377777777778
1,grass,1.01537777777778
2,manmade,22.3140444444444
3,sky,22.2224888888889
4,trees,53.4647111111111
