values,labels,tab
0,_background_,1.20088888888889
1,grass,10.8282666666667
2,manmade,2.3592
3,sky,23.7393777777778
4,trees,61.8722666666667
