values,labels,tab
0,_background_,0.384283685064935
1,Manmade,79.1678382146303
2,Sky,0.857414576505452
3,Trees,7.88006491592134
4,Water,11.710398607878
