values,labels,tab
0,_background_,1.54062222222222
1,manmade,0.880444444444444
2,sand,8.50435555555556
3,sky,64.3305777777778
4,trees,24.744
