values,labels,tab
0,_background_,0.948047637939453
1,Sky,14.9340808391571
2,Snow,40.7601803541183
3,Trees,43.3576911687851
