values,labels,tab
0,_background_,0.458488888888889
1,sky,4.19866666666667
2,trees,20.4728888888889
3,vegetation,74.8699555555555
