values,labels,tab
0,_background_,0.49707293510437
1,Manmade,91.8248534202576
2,Sky,4.47978377342224
3,Trees,1.46314203739166
4,Water,1.73514783382416
