values,labels,tab
0,_background_,0.704208016395569
1,Manmade,97.1217453479767
2,Sky,0.338688492774963
3,Water,1.83535814285278
