values,labels,tab
0,_background_,0.501155555555556
1,sky,2.88657777777778
2,trees,73.5592888888889
3,vegetation,23.0529777777778
