values,labels,tab
0,_background_,1.1384
1,grass,17.6522666666667
2,rocks,13.1791111111111
3,sky,49.36
4,vegetation,18.6702222222222
