values,labels,tab
0,_background_,1.00354552268982
1,Grass,30.562549829483
2,Sky,32.3091745376587
3,Trees,35.2313458919525
4,Water,0.893384218215942
