values,labels,tab
0,_background_,0.595466666666667
1,sky,35.7649777777778
2,trees,58.6226666666667
3,vegetation,5.01688888888889
