values,labels,tab
0,_background_,0.582844444444444
1,manmade,96.9636444444444
2,sky,2.45351111111111
