values,labels,tab
0,_background_,0.325955555555556
1,manmade,5.34782222222222
2,sky,63.4872888888889
3,trees,30.8389333333333
