values,labels,tab
0,_background_,0.133244444444444
1,trees,99.8667555555556
