values,labels,tab
0,_background_,0.815555555555555
1,manmade,63.2294222222222
2,sky,35.9550222222222
