values,labels,tab
0,_background_,0.859733333333333
1,trees,15.7736888888889
2,vegetation,83.3665777777778
