values,labels,tab
0,_background_,0.280533333333333
1,manmade,0.999377777777778
2,other,69.0930666666667
3,trees,29.6270222222222
