values,labels,tab
0,_background_,1.17881298065186
1,Manmade,12.5258356332779
2,Sky,7.54405856132507
3,Trees,37.1794462203979
4,Water,41.5718466043472
