values,labels,tab
0,_background_,1.20128095149994
1,Manmade,13.5378956794739
2,Sky,13.9254868030548
3,Snow,55.0598382949829
4,Trees,16.2754982709885
