values,labels,tab
0,_background_,0.611621141433716
1,Manmade,53.9661258459091
2,Rocks,0.792905688285828
3,Sky,41.3667947053909
4,Water,3.26255261898041
