values,labels,tab
0,_background_,0.707111111111111
1,grass,2.03866666666667
2,manmade,86.5650666666667
3,sky,8.88035555555556
4,trees,0.493511111111111
5,vegetation,1.31528888888889
