values,labels,tab
0,_background_,1.45833492279053
1,Rocks,3.56754064559937
2,Sky,30.8541625738144
3,Trees,63.8079732656479
4,Water,0.311988592147827
