values,labels,tab
0,_background_,0.433838367462158
1,Other,5.96866309642792
2,Sand,71.5480893850327
3,Sky,7.70215392112732
4,Water,14.34725522995
