values,labels,tab
0,_background_,0.473244444444444
1,grass,46.4064888888889
2,manmade,6.30088888888889
3,sky,1.64808888888889
4,trees,18.2462222222222
5,water,26.9250666666667
