values,labels,tab
0,_background_,0.967491096784536
1,Grass,15.0718322731541
2,Manmade,1.1256949374771
3,Sky,77.4984380009848
4,Trees,2.16784767867503
5,Water,3.16869601292445
