values,labels,tab
0,_background_,1.10862222222222
1,manmade,46.5874666666667
2,sky,33.8452444444444
3,trees,18.4586666666667
