values,labels,tab
0,_background_,0.555288888888889
1,grass,27.1389333333333
2,manmade,64.8548444444445
3,sky,0.635288888888889
4,trees,6.81564444444444
