values,labels,tab
0,_background_,0.900459289550781
1,Rocks,30.1154553890228
2,Sky,5.88425695896149
3,Trees,63.0998283624649
