values,labels,tab
0,_background_,0.657688888888889
1,manmade,48.5610666666667
2,sky,3.51626666666667
3,trees,39.1765333333333
4,vegetation,8.08844444444444
