values,labels,tab
0,_background_,1.07946666666667
1,manmade,50.6256
2,sky,7.96302222222222
3,trees,24.8166222222222
4,vegetation,2.15564444444444
5,water,13.3596444444444
