values,labels,tab
0,_background_,0.390222222222222
1,manmade,5.67128888888889
2,other,68.8471111111111
3,trees,25.0913777777778
