values,labels,tab
0,_background_,1.24817777777778
1,manmade,61.0919111111111
2,sky,14.4626666666667
3,trees,23.1972444444444
