values,labels,tab
0,_background_,0.605687499046326
1,Rocks,4.74899709224701
2,Sky,25.2889931201935
3,Trees,69.3563222885132
