values,labels,tab
0,_background_,1.23946666666667
1,manmade,24.6544888888889
2,sky,52.4485333333333
3,trees,21.6575111111111
