values,labels,tab
0,_background_,0.570488888888889
1,grass,10.6543111111111
2,sky,79.8017777777778
3,trees,8.97342222222222
