values,labels,tab
0,_background_,0.664711111111111
1,grass,9.95635555555556
2,manmade,0.366666666666667
3,sand,74.7805333333333
4,sky,6.27902222222222
5,trees,7.95271111111111
