values,labels,tab
0,_background_,0.855555555555556
1,manmade,19.0371555555556
2,sky,26.7159111111111
3,trees,53.3913777777778
