values,labels,tab
0,_background_,0.947466666666667
1,grass,13.7568
2,manmade,5.26924444444444
3,sky,33.4803555555556
4,trees,41.1598222222222
5,water,5.38631111111111
