values,labels,tab
0,_background_,0.502786040306091
1,Manmade,78.3966451883316
2,Sky,0.751578807830811
3,Trees,17.2402530908585
4,Water,3.10873687267303
