values,labels,tab
0,_background_,1.28787457942963
1,Manmade,41.6901081800461
2,Sky,50.2953141927719
3,Trees,3.31018269062042
4,Water,3.41652035713196
