values,labels,tab
0,_background_,0.848323106765747
1,Manmade,1.19745135307312
2,Snow,67.0848041772842
3,Trees,30.8694213628769
