values,labels,tab
0,_background_,0.6008
1,manmade,73.0085333333333
2,sky,1.26177777777778
3,trees,13.7648
4,vegetation,11.3640888888889
