values,labels,tab
0,_background_,0.692177777777778
1,grass,13.0783111111111
2,manmade,0.918577777777778
3,sky,67.2832888888889
4,trees,18.0276444444444
