values,labels,tab
0,_background_,0.583733333333333
1,manmade,25.3695111111111
2,sky,9.7096
3,trees,64.3371555555556
