values,labels,tab
0,_background_,0.617244444444444
1,manmade,67.8387555555556
2,sky,10.6893333333333
3,trees,20.8546666666667
