values,labels,tab
0,_background_,0.420977777777778
1,manmade,7.82711111111111
2,other,46.8118222222222
3,sky,4.48151111111111
4,trees,40.4585777777778
