values,labels,tab
0,_background_,0.310133333333333
1,grass,18.6952888888889
2,rocks,43.9788444444444
3,sky,16.5867555555556
4,vegetation,20.4289777777778
