values,labels,tab
0,_background_,1.22088888888889
1,grass,46.6996444444444
2,manmade,0.591555555555556
3,sky,35.4184888888889
4,trees,16.0694222222222
