values,labels,tab
0,_background_,0.6132572889328
1,Manmade,0.23588240146637
2,Sky,3.94856631755829
3,Snow,76.9752264022827
4,Trees,18.2270675897598
