values,labels,tab
0,_background_,1.33022222222222
1,manmade,45.0288888888889
2,sky,18.1572444444444
3,trees,15.6000888888889
4,vegetation,6.21857777777778
5,water,13.6649777777778
