values,labels,tab
0,_background_,1.11297777777778
1,grass,1.14684444444444
2,manmade,38.7112
3,sky,58.4418666666667
4,trees,0.587111111111111
