values,labels,tab
0,_background_,1.07093333333333
1,manmade,64.7263111111111
2,sky,0.5368
3,trees,14.2946666666667
4,vegetation,2.0736
5,water,17.2976888888889
