values,labels,tab
0,_background_,0.429422222222222
1,manmade,57.2015111111111
2,sky,41.6797333333333
3,trees,0.689333333333333
