values,labels,tab
0,_background_,0.402133333333333
1,grass,70.0080888888889
2,manmade,8.25066666666667
3,sky,8.27466666666667
4,trees,13.0644444444444
