values,labels,tab
0,_background_,0.536
1,sky,16.5817777777778
2,trees,82.8822222222222
