values,labels,tab
0,_background_,1.12728888888889
1,grass,40.2421333333333
2,manmade,42.2700444444444
3,trees,16.3605333333333
