values,labels,tab
0,_background_,0.526577777777778
1,sky,9.55137777777778
2,trees,58.1450666666667
3,vegetation,31.7769777777778
