values,labels,tab
0,_background_,0.263464450836182
1,Snow,44.7510778903961
2,Trees,54.9854576587677
