values,labels,tab
0,_background_,1.04995555555556
1,grass,33.8655111111111
2,manmade,36.4261333333333
3,sky,7.79182222222222
4,trees,20.8665777777778
