values,labels,tab
0,_background_,0.395466666666667
1,rocks,5.78026666666667
2,trees,93.8242666666667
