values,labels,tab
0,_background_,0.692188739776611
1,Manmade,17.3474580049515
2,Sky,18.9217358827591
3,Trees,60.1220518350601
4,Water,2.9165655374527
