values,labels,tab
0,_background_,0.577023764855428
1,Manmade,80.214896993116
2,Sky,6.27871837957149
3,Water,12.9293608624571
