values,labels,tab
0,_background_,0.810844444444444
1,manmade,81.9298666666667
2,sky,16.0406222222222
3,vegetation,1.21866666666667
