values,labels,tab
0,_background_,0.921353697776794
1,Manmade,2.11875140666962
2,Sky,16.6583865880966
3,Snow,11.1049562692642
4,Trees,69.1965520381927
