values,labels,tab
0,_background_,0.912539148646165
1,Manmade,47.4676586955939
2,Sky,36.5755290092425
3,Trees,13.6946678395308
4,Water,1.34960530698665
