values,labels,tab
0,_background_,0.617271661758423
1,Grass,48.6541271209717
2,Sky,9.23760533332825
3,Trees,40.6926274299622
4,Water,0.798368453979492
