values,labels,tab
0,_background_,0.907477736473083
1,Rocks,4.31336164474487
2,Sky,3.5708099603653
3,Vegetation,90.4809594154358
4,Water,0.727391242980957
