values,labels,tab
0,_background_,1.18151111111111
1,manmade,43.4355555555556
2,sky,26.2226666666667
3,trees,25.3144
4,vegetation,3.84586666666667
