values,labels,tab
0,_background_,0.755466666666667
1,grass,16.7648
2,manmade,41.8334222222222
3,sky,6.83991111111111
4,trees,33.8064
