values,labels,tab
0,_background_,48.3903111111111
1,manmade,46.1251555555556
2,vegetation,1.82471111111111
3,water,3.65982222222222
