values,labels,tab
0,_background_,1.13608888888889
1,grass,6.81555555555556
2,manmade,35.9205333333333
3,other,14.5860444444444
4,sky,28.5109333333333
5,trees,13.0308444444444
