values,labels,tab
0,_background_,0.762222222222222
1,manmade,24.0231111111111
2,sky,9.70266666666667
3,trees,64.1489777777778
4,vegetation,1.36302222222222
