values,labels,tab
0,_background_,0.838690996170044
1,Manmade,0.127503275871277
2,Sand,46.4096009731293
3,Sky,47.4292784929276
4,Vegetation,5.19492626190186
