values,labels,tab
0,_background_,0.379377777777778
1,other,36.2925333333333
2,trees,63.3280888888889
