values,labels,tab
0,_background_,0.524355555555555
1,sky,50.6868444444444
2,trees,48.7888
