values,labels,tab
0,_background_,1.35937777777778
1,grass,55.4593777777778
2,manmade,21.5221333333333
3,sky,8.1768
4,trees,13.4823111111111
