values,labels,tab
0,_background_,0.341688888888889
1,sky,8.06657777777778
2,trees,91.5917333333333
