values,labels,tab
0,_background_,0.581511111111111
1,manmade,2.87724444444444
2,other,63.7377777777778
3,sky,0.758755555555556
4,trees,29.3631111111111
5,water,2.6816
