values,labels,tab
0,_background_,0.7288
1,manmade,32.3773333333333
2,sky,31.5738666666667
3,trees,34.3463111111111
4,vegetation,0.973688888888889
