values,labels,tab
0,_background_,0.367911111111111
1,manmade,70.2304
2,sky,27.8761777777778
3,trees,1.52551111111111
