values,labels,tab
0,_background_,0.3616
1,sky,60.4504888888889
2,trees,39.1879111111111
