values,labels,tab
0,_background_,0.639911111111111
1,manmade,6.48506666666667
2,sand,34.7879111111111
3,sky,11.5870222222222
4,trees,46.5000888888889
