values,labels,tab
0,_background_,0.688761472702026
1,Manmade,14.9297922849655
2,Sky,1.93542242050171
3,Snow,72.9914218187332
4,Trees,9.45460200309753
