values,labels,tab
0,_background_,2.89211571216583
1,Manmade,13.24482858181
2,Sky,1.16847157478333
3,Trees,20.5044955015182
4,Water,62.1900886297226
