values,labels,tab
0,_background_,0.204882025718689
1,Manmade,0.218087434768677
2,Sand,9.52488780021667
3,Sky,84.8972380161285
4,Vegetation,5.15490472316742
