values,labels,tab
0,_background_,0.531677380697133
1,Manmade,83.5377699485803
2,Sky,15.3801175608001
3,Water,0.550435109922507
