values,labels,tab
0,_background_,0.535826156081536
1,Manmade,24.6091745905186
2,Sand,44.1166476506984
3,Sky,10.9576486308503
4,Trees,2.82111342004104
5,Water,16.9595895518102
