values,labels,tab
0,_background_,0.720447301864624
1,Snow,71.8535631895065
2,Trees,27.4259895086288
