values,labels,tab
0,_background_,0.641333333333333
1,grass,48.1031111111111
2,manmade,2.14577777777778
3,sky,47.2623111111111
4,trees,1.84746666666667
