values,labels,tab
0,_background_,0.484532117843628
1,Manmade,25.3502517938614
2,Other,3.55177521705627
3,Sand,6.90695941448212
4,Sky,63.7064814567566
