values,labels,tab
0,_background_,0.471135770185004
1,Manmade,2.99998935137681
2,Sky,76.6997715212264
3,Trees,2.66948420462203
4,Water,17.1596191525897
