values,labels,tab
0,_background_,0.550311111111111
1,trees,22.7947555555556
2,vegetation,76.6549333333333
