values,labels,tab
0,_background_,0.9576
1,grass,3.79991111111111
2,manmade,12.6047111111111
3,sand,9.97128888888889
4,sky,45.9234666666667
5,trees,26.7430222222222
