values,labels,tab
0,_background_,0.502844444444444
1,sky,28.6204444444444
2,trees,70.8767111111111
