values,labels,tab
0,_background_,0.482933333333333
1,manmade,97.5848
2,sky,1.93226666666667
