values,labels,tab
0,_background_,0.7136
1,grass,39.7018666666667
2,manmade,5.75057777777778
3,sky,12.7998222222222
4,trees,29.5714666666667
5,water,11.4626666666667
