values,labels,tab
0,_background_,0.383239984512329
1,Grass,57.8012257814407
2,Sky,0
3,Trees,41.8155342340469
