values,labels,tab
0,_background_,0.604888888888889
1,sky,4.38817777777778
2,trees,95.0069333333333
