values,labels,tab
0,_background_,0.201326608657837
1,Sand,20.431199669838
2,Sky,79.3674737215042
