values,labels,tab
0,_background_,0.399377777777778
1,manmade,84.5619555555556
2,sky,15.0386666666667
