values,labels,tab
0,_background_,0.406313772091705
1,Manmade,88.3374693463229
2,Sky,0.695773860573389
3,Water,10.560443021012
