values,labels,tab
0,_background_,0.614497065544128
1,Manmade,88.4691953659058
2,Rocks,0.677555799484253
3,Sky,5.49138784408569
4,Water,4.74736392498016
