values,labels,tab
0,_background_,0.395644444444444
1,manmade,84.4242666666667
2,sky,0.6744
3,trees,14.5056888888889
