values,labels,tab
0,_background_,31.2315555555556
1,manmade,44.5396444444444
2,trees,24.2288
