values,labels,tab
0,_background_,0.318044444444444
1,grass,77.4121777777778
2,sky,14.5287111111111
3,trees,7.74106666666667
