values,labels,tab
0,_background_,0.303003191947937
1,Manmade,0.198107957839966
2,Sky,37.5366389751434
3,Snow,55.235955119133
4,Trees,6.72629475593567
