values,labels,tab
0,_background_,0.612088888888889
1,sky,4.90391111111111
2,trees,94.484
