values,labels,tab
0,_background_,2.07386666666667
1,manmade,50.7081777777778
2,sky,3.92711111111111
3,trees,11.324
4,vegetation,20.1044444444444
5,water,11.8624
