values,labels,tab
0,_background_,0.341955555555556
1,manmade,80.8608888888889
2,sky,18.7971555555556
