values,labels,tab
0,_background_,0.581422448158264
1,Manmade,8.57707858085632
2,Sky,0.194242596626282
3,Snow,80.4008185863495
4,Trees,10.2464377880096
