values,labels,tab
0,_background_,0.398755555555556
1,manmade,70.1458666666667
2,sky,24.6748444444444
3,vegetation,1.01928888888889
4,water,3.76124444444444
