values,labels,tab
0,_background_,0.72920024394989
1,Rocks,34.575280547142
2,Sky,3.45320999622345
3,Trees,61.2423092126846
