values,labels,tab
0,_background_,1.01795555555556
1,grass,2.23848888888889
2,manmade,70.0160888888889
3,sky,24.9348444444444
4,trees,0.493333333333333
5,vegetation,1.29928888888889
