values,labels,tab
0,_background_,0.195550918579102
1,Sand,85.2798283100128
2,Sky,14.5246207714081
