values,labels,tab
0,_background_,0.730755555555556
1,manmade,24.0944888888889
2,sky,23.4578666666667
3,trees,51.7168888888889
