values,labels,tab
0,_background_,0.8288
1,manmade,86.9360888888889
2,sky,1.42728888888889
3,trees,10.8078222222222
