values,labels,tab
0,_background_,0.448266666666667
1,grass,19.5091555555556
2,manmade,3.71911111111111
3,rocks,48.1829333333333
4,sky,13.2513777777778
5,vegetation,14.8891555555556
