values,labels,tab
0,_background_,0.661866666666667
1,manmade,72.7450666666667
2,sky,0.776711111111111
3,trees,19.4365333333333
4,vegetation,6.37982222222222
