values,labels,tab
0,_background_,0.517244444444445
1,grass,46.4055111111111
2,sky,45.6990222222222
3,trees,7.37822222222222
