values,labels,tab
0,_background_,0.684533333333333
1,manmade,78.2326222222222
2,sky,19.2645333333333
3,trees,0.633955555555556
4,vegetation,1.18435555555556
