values,labels,tab
0,_background_,0.543257594108582
1,Manmade,1.3502299785614
2,Sky,82.7435076236725
3,Snow,8.81544649600983
4,Trees,6.54755830764771
