values,labels,tab
0,_background_,0.855980231617198
1,Grass,12.505689755863
2,Manmade,13.5666980140009
3,Sky,6.79610026280231
4,Trees,2.78580049258733
5,Water,63.4897312431294
