values,labels,tab
0,_background_,1.03484690189362
1,Manmade,13.4972274303436
2,Sky,20.5012649297714
3,Trees,59.678852558136
4,Water,5.28780817985535
