values,labels,tab
0,_background_,0.907911111111111
1,grass,45.0319111111111
2,manmade,29.1489777777778
3,sky,5.46897777777778
4,trees,19.4422222222222
