values,labels,tab
0,_background_,0.467443466186523
1,Manmade,79.2857587337494
2,Sky,18.4126645326614
3,Trees,1.60031616687775
4,Water,0.233817100524902
