values,labels,tab
0,_background_,0.626044444444444
1,manmade,75.3298666666667
2,sky,3.0472
3,water,20.9968888888889
