values,labels,tab
0,_background_,0.661081075668335
1,Rocks,11.8465006351471
2,Sky,8.99121165275574
3,Trees,78.5012066364288
