values,labels,tab
0,_background_,0.691555555555556
1,rock,0.0328
2,rocks,9.49511111111111
3,sky,2.46533333333333
4,trees,87.3152
