values,labels,tab
0,_background_,0.9392
1,grass,10.1456
2,manmade,58.6055111111111
3,other,10.9741333333333
4,sky,5.29608888888889
5,trees,14.0394666666667
