values,labels,tab
0,_background_,0.437511111111111
1,manmade,78.3264888888889
2,sky,1.65991111111111
3,trees,19.5760888888889
