values,labels,tab
0,_background_,0.949777777777778
1,manmade,3.03137777777778
2,sky,31.2696888888889
3,trees,64.7491555555556
