values,labels,tab
0,_background_,0.725866666666667
1,manmade,56.1708444444444
2,sky,42.2180444444444
3,vegetation,0.625066666666667
4,water,0.260177777777778
