values,labels,tab
0,_background_,0.809955555555556
1,sky,1.74631111111111
2,trees,47.9226666666667
3,vegetation,49.5210666666667
