values,labels,tab
0,_background_,0.778133333333333
1,grass,49.9423111111111
2,manmade,2.56222222222222
3,sky,33.3777777777778
4,trees,13.3395555555556
