values,labels,tab
0,_background_,1.63959264755249
1,Rocks,7.2252631187439
2,Sky,19.9321299791336
3,Trees,39.9907737970352
4,Vegetation,30.6761801242828
5,Water,0.536060333251953
