values,labels,tab
0,_background_,1.25457777777778
1,grass,28.8284444444444
2,manmade,17.2590222222222
3,sky,18.6254222222222
4,trees,34.0325333333333
