values,labels,tab
0,_background_,0.470176339149475
1,Rocks,69.2261606454849
2,Sky,4.93433773517609
3,Trees,25.3693252801895
