values,labels,tab
0,_background_,0.7752
1,grass,2.46524444444444
2,manmade,2.76888888888889
3,other,4.14035555555556
4,sky,64.3152888888889
5,trees,25.5350222222222
