values,labels,tab
0,_background_,0.529330968856812
1,Other,4.53952848911285
2,Sand,41.4806246757507
3,Sky,45.0096637010574
4,Water,8.44085216522217
