values,labels,tab
0,_background_,0.87486207485199
1,Manmade,24.163344502449
2,Sky,20.4439789056778
3,Snow,44.2102253437042
4,Trees,10.307589173317
