values,labels,tab
0,_background_,0.406042210593013
1,Grass,30.6087394650055
2,Manmade,13.0383171061973
3,Sky,2.00715680633168
4,Water,53.9397444118725
