values,labels,tab
0,_background_,0.505777777777778
1,manmade,80.7776888888889
2,sky,0.8464
3,water,17.8701333333333
