values,labels,tab
0,_background_,2.7408
1,grass,24.4901333333333
2,manmade,23.7731555555556
3,sky,30.1092444444444
4,trees,18.8866666666667
