values,labels,tab
0,_background_,1.07024312019348
1,Manmade,12.1368795633316
2,Sky,14.9236708879471
3,Trees,30.322402715683
4,Water,41.5468037128448
