values,labels,tab
0,_background_,0.61391294002533
1,Manmade,1.87094509601593
2,Sky,4.00428175926208
3,Snow,44.7345942258835
4,Trees,48.7762659788132
