values,labels,tab
0,_background_,0.770844444444444
1,grass,10.2757333333333
2,manmade,14.8977777777778
3,other,5.28888888888889
4,sky,54.2472
5,trees,14.5195555555556
