values,labels,tab
0,_background_,0.423822222222222
1,manmade,68.9921777777778
2,sky,16.2558222222222
3,water,14.3281777777778
