values,labels,tab
0,_background_,0.715559720993042
1,Manmade,6.49522244930267
2,Sky,50.016787648201
3,Snow,16.9234246015549
4,Trees,25.8490055799484
