values,labels,tab
0,_background_,3.76577777777778
1,grass,3.34195555555556
2,manmade,51.3194666666667
3,sand,21.0297777777778
4,sky,0.319733333333333
5,trees,20.2232888888889
