values,labels,tab
0,_background_,0.572266666666667
1,manmade,93.8001777777778
2,sky,4.22204444444444
3,trees,0.527733333333333
4,vegetation,0.877777777777778
