values,labels,tab
0,_background_,0.928622222222222
1,grass,60.0933333333333
2,manmade,4.38337777777778
3,sky,1.68515555555556
4,trees,19.0691555555556
5,water,13.8403555555556
