values,labels,tab
0,_background_,0.751447677612305
1,Manmade,94.7578191757202
2,Sky,0.56590735912323
3,Trees,1.72412991523743
4,Water,2.20069587230682
