values,labels,tab
0,_background_,0.957244444444444
1,grass,6.59866666666667
2,sky,72.1406222222222
3,trees,20.3034666666667
