values,labels,tab
0,_background_,0.57682991027832
1,Sky,8.70012044906616
2,Snow,10.529351234436
3,Trees,80.1936984062195
