values,labels,tab
0,_background_,0.783288888888889
1,grass,0.850311111111111
2,manmade,66.5067555555556
3,sky,30.1088
4,trees,1.75084444444444
