values,labels,tab
0,_background_,0.619466666666667
1,manmade,96.1283555555556
2,sky,1.56915555555556
3,vegetation,1.68302222222222
