values,labels,tab
0,_background_,0.461921095848083
1,Rocks,14.06329870224
2,Sky,54.2869567871094
3,Trees,31.1878234148026
