values,labels,tab
0,_background_,0.349866666666667
1,sand,55.9407111111111
2,sky,0.0896
3,trees,43.6198222222222
