values,labels,tab
0,_background_,0.644868612289429
1,Manmade,59.6415489912033
2,Sky,14.6216750144958
3,Trees,0.720939040184021
4,Water,24.3709683418274
