values,labels,tab
0,_background_,1.41493333333333
1,manmade,88.5064888888889
2,sky,1.15244444444444
3,trees,8.92613333333333
