values,labels,tab
0,_background_,0.723377777777778
1,manmade,95.2296888888889
2,sky,1.74275555555556
3,trees,2.30417777777778
