values,labels,tab
0,_background_,0.813777777777778
1,grass,2.98248888888889
2,manmade,6.36773333333333
3,sand,46.6857777777778
4,sky,35.7779555555556
5,trees,7.37226666666667
