values,labels,tab
0,_background_,0.388177777777778
1,manmade,87.3594666666667
2,sky,5.61688888888889
3,trees,5.7336
4,vegetation,0.901866666666667
