values,labels,tab
0,_background_,0.723111111111111
1,grass,79.0143111111111
2,manmade,1.82906666666667
3,sky,16.2788444444444
4,trees,2.15466666666667
