values,labels,tab
0,_background_,1.06801986694336
1,Manmade,84.0940028429031
2,Sky,5.98622262477875
3,Trees,4.71697747707367
4,Water,4.13477718830109
