values,labels,tab
0,_background_,2.33671963214874
1,Manmade,15.6855940818787
2,Trees,20.4413831233978
3,Water,61.5363031625748
