values,labels,tab
0,_background_,31.8639111111111
1,manmade,2.66213333333333
2,sky,23.2749333333333
3,trees,40.7304888888889
4,water,1.46853333333333
