values,labels,tab
0,_background_,1.14675555555556
1,manmade,73.8056
2,sky,21.444
3,trees,3.15973333333333
4,vegetation,0.443911111111111
