values,labels,tab
0,_background_,0.507083535194397
1,Manmade,0.134682655334473
2,Sand,73.2924520969391
3,Sky,21.0593968629837
4,Vegetation,5.00638484954834
