values,labels,tab
0,_background_,0.535644444444444
1,grass,17.3014222222222
2,manmade,45.0270222222222
3,sky,11.4479111111111
4,trees,25.688
