values,labels,tab
0,_background_,1.35875555555556
1,grass,7.31235555555556
2,manmade,9.23608888888889
3,sky,65.2393777777778
4,trees,16.8534222222222
