values,labels,tab
0,_background_,0.501422222222222
1,manmade,73.5650666666667
2,sky,19.2885333333333
3,trees,5.56435555555556
4,vegetation,1.08062222222222
