values,labels,tab
0,_background_,1.09793287490811
1,Manmade,17.5243943206705
2,Sand,16.6636056860298
3,Sky,46.8203600000383
4,Trees,2.17728450058197
5,Water,15.7164226177714
