values,labels,tab
0,_background_,0.650179386138916
1,Rocks,25.3434240818024
2,Sky,22.6457327604294
3,Trees,51.3606637716293
