values,labels,tab
0,_background_,1.09262222222222
1,grass,24.5073777777778
2,manmade,3.44355555555556
3,rocks,12.4380444444444
4,sky,45.7864888888889
5,vegetation,12.7319111111111
