values,labels,tab
0,_background_,0.736711111111111
1,manmade,63.9641777777778
2,sky,33.7020444444444
3,vegetation,1.59706666666667
