values,labels,tab
0,_background_,0.755080580711365
1,Manmade,1.43789649009705
2,Sky,44.1331565380096
3,Snow,6.60815834999084
4,Trees,47.0657080411911
