values,labels,tab
0,_background_,1.12131834030151
1,Rocks,7.94718265533447
2,Sky,29.2936503887177
3,Trees,36.0378444194794
4,Vegetation,16.2051528692245
5,Water,9.39485132694244
